{"algorithm": "Decision Tree", "r2": 0.4142615652825461, "mae": 53.59346157226737, "rmse": 147.98298271257465, "mape": 49.764868577663044}