{"algorithm": "Linear Regression", "r2": 0.24019137608746033, "mae": 65.55025596436792, "rmse": 168.5435063772878, "mape": 62.657433688681095}