{"algorithm": "Random Forest", "r2": 0.45119420273853106, "mae": 50.62893871695104, "rmse": 143.24163207073076, "mape": 45.111533249578635}