{"algorithm": "XGBoost", "r2": 0.6876591806890306, "mae": 30.684097841000398, "rmse": 108.06232020995887, "mape": 23.84370096018372}